agent_email,agent_password,agent_number,customer_Number
khorshedjhoni+7750@gmail.com,,01521407750,01521408536
khorshedjhoni+1460@gmail.com,,01521401460,01521401169
khorshedjhoni+2003@gmail.com,,01521402003,01521404487
khorshedjhoni+7426@gmail.com,,01521407426,01521406565
khorshedjhoni+3137@gmail.com,,01521403137,01521404143
khorshedjhoni+7750@gmail.com,,01521407750,01521408736
khorshedjhoni+1460@gmail.com,,01521401460,01521403860
khorshedjhoni+2003@gmail.com,,01521402003,01521404506
khorshedjhoni+7426@gmail.com,,01521407426,01521409741
khorshedjhoni+3137@gmail.com,,01521403137,01521409893
